sample,time_ms,raw,smoothed,frequency
0,958,2606.0,2633.35,262.18256
1,1001,2620.0,2627.85,255.49336
2,1021,2624.0,2627.26,254.7757
3,1036,2608.0,2624.67,251.62558
4,1052,2602.0,2622.85,249.41228
5,1070,2570.0,2616.13,241.23904
6,1087,2556.0,2607.12,230.28122
7,1103,2558.0,2603.19,225.50128
8,1121,2559.0,2596.4,217.24313
9,1137,2560.0,2590.74,210.35945
10,1153,2560.0,2588.28,207.36761
11,1171,2576.0,2585.8,204.35141
12,1187,2592.0,2586.17,204.80125
13,1204,2592.0,2586.63,205.36067
14,1220,2584.0,2585.93,204.50937
15,1237,2576.0,2585.0,203.37839
16,1254,2581.0,2584.68,202.9891
17,1271,2592.0,2585.51,203.99866
18,1287,2592.0,2586.03,204.63112
19,1302,2595.0,2587.55,206.4798
20,1321,2592.0,2588.24,207.31891
21,1337,2586.0,2588.06,207.10007
22,1354,2572.0,2586.18,204.81343
23,1369,2576.0,2584.69,203.00128
24,1387,2584.0,2584.63,202.92824
25,1404,2588.0,2585.52,204.01083
26,1420,2570.0,2583.72,201.82158
27,1436,2566.0,2582.31,200.10683
28,1454,2564.0,2579.49,196.677
29,1471,2584.0,2579.23,196.36078
30,1488,2584.0,2579.61,196.8231
31,1503,2596.0,2581.83,199.52307
32,1521,2600.0,2584.33,202.5636
33,1535,2596.0,2585.26,203.69461
34,1555,2573.0,2584.41,202.6607
35,1571,2541.0,2579.07,196.16629
36,1587,2520.0,2574.34,190.41362
37,1604,2502.0,2563.75,177.53378
38,1620,2491.0,2557.93,170.45532
39,1636,2516.0,2551.19,162.25803
40,1655,2527.0,2547.26,157.4784
41,1671,2530.0,2545.88,155.79987
42,1687,2521.0,2542.27,151.40948
43,1705,2533.0,2540.04,148.69734
44,1720,2538.0,2539.88,148.50256
45,1736,2540.0,2539.82,148.42981
46,1753,2547.0,2540.85,149.68256
47,1770,2546.0,2541.26,150.18109
48,1788,2549.0,2542.16,151.27557
49,1802,2550.0,2542.78,152.02977
50,1821,2545.0,2543.2,152.54048
51,1838,2532.0,2541.85,150.89877
52,1852,2528.0,2540.74,149.54865
53,1871,2512.0,2536.47,144.35538
54,1887,2520.0,2533.57,140.82846
55,1904,2531.0,2533.37,140.58528
56,1921,2528.0,2533.28,140.47571
57,1938,2506.0,2530.05,136.54736
58,1954,2492.0,2527.0,132.83783
59,1971,2421.0,2513.15,115.993126
60,1988,2345.0,2490.56,100.0
61,2002,2281.0,2473.79,100.0
62,2020,2304.0,2445.95,100.0
63,2038,2352.0,2429.31,100.0
64,2054,2373.0,2424.8,100.0
65,2071,2420.0,2423.18,100.0
66,2086,2448.0,2425.17,100.0
67,2105,2512.0,2435.86,100.0
68,2121,2559.0,2453.08,100.0
69,2135,2568.0,2462.27,100.0
70,2152,2624.0,2484.76,100.0
71,2171,2608.0,2505.75,106.99324
72,2186,2561.0,2510.17,112.36882
73,2205,2482.0,2508.93,110.860725
74,2221,2412.0,2496.69,100.0
75,2235,2389.0,2488.08,100.0
76,2254,2338.0,2466.94,100.0
77,2271,2301.0,2442.56,100.0
78,2287,2305.0,2431.55,100.0
79,2305,2396.0,2422.19,100.0
80,2321,2456.0,2424.89,100.0
81,2337,2469.0,2431.52,100.0
82,2355,2481.0,2438.83,100.0
83,2371,2484.0,2445.55,100.0
84,2387,2490.0,2449.1,100.0
85,2405,2506.0,2457.4,100.0
86,2421,2500.0,2460.81,100.0
87,2438,2497.0,2466.37,100.0
88,2455,2498.0,2471.45,100.0
89,2471,2480.0,2472.13,100.0
90,2487,2439.0,2468.88,100.0
91,2504,2340.0,2453.58,100.0
92,2521,2227.0,2435.45,100.0
93,2538,2398.0,2419.98,100.0
94,2554,2561.0,2437.59,100.0
95,2570,2632.0,2453.15,100.0
96,2586,2728.0,2492.13,100.0
97,2603,2753.0,2513.0,115.810814
98,2622,2802.0,2556.14,168.27824
99,2637,2829.0,2597.46,218.53238
100,2654,2812.0,2614.62,239.40285
101,2670,2796.0,2642.26,273.01892
102,2687,2818.0,2668.22,304.59186
103,2702,2828.0,2681.01,320.1473
104,2721,2850.0,2706.23,350.82025
105,2738,2869.0,2730.57,380.42303
106,2754,2884.0,2742.84,395.34607
107,2769,2890.0,2765.15,422.4796
108,2787,2896.0,2785.25,446.9257
109,2804,2900.0,2794.43,458.09045
110,2819,2920.0,2812.83,480.46902
111,2836,2926.0,2821.89,491.48773
112,2853,2936.0,2839.12,512.44336
113,2871,2940.0,2854.32,530.9298
114,2887,2945.0,2861.58,539.7596
115,2903,2948.0,2874.7,555.7162
116,2921,2940.0,2885.32,568.6325
117,2938,2933.0,2889.14,573.27826
118,2954,2928.0,2895.18,580.62427
119,2971,2934.0,2900.77,587.423
120,2986,2938.0,2903.75,591.0473
121,3005,2941.0,2909.25,597.7365
122,3021,2942.0,2914.43,604.03644
123,3035,2944.0,2916.8,606.919
124,3055,2948.0,2921.29,612.37976
125,3071,2949.0,2923.51,615.0797
126,3087,2950.0,2927.43,619.84717
127,3103,2949.0,2931.11,624.3231
128,3121,2954.0,2932.94,626.5486
129,3137,2955.0,2936.18,630.48914
130,3154,2954.0,2938.99,633.90674
131,3170,2960.0,2940.68,635.96204
132,3188,2956.0,2942.81,638.55273
133,3204,2956.0,2944.98,641.1919
134,3221,2956.0,2945.86,642.2623
135,3235,2954.0,2947.26,643.96484
136,3255,2957.0,2948.68,645.69183
137,3271,2955.0,2949.19,646.31213
138,3287,2960.0,2950.63,648.0634
139,3304,2957.0,2951.83,649.5231
140,3321,2956.0,2952.16,649.9242
141,3335,2960.0,2953.07,651.0311
142,3352,2958.0,2953.47,651.5175
143,3372,2954.0,2953.69,651.78503
144,3387,2938.0,2951.87,649.5718
145,3404,2936.0,2950.6,648.0271
146,3420,2930.0,2947.59,644.36633
147,3437,2930.0,2944.88,641.0701
148,3454,2928.0,2943.53,639.4284
149,3471,2930.0,2941.31,636.7284
150,3485,2930.0,2940.4,635.62146
151,3502,2944.0,2940.51,635.75543
152,3521,2950.0,2941.68,637.1783
153,3537,2950.0,2942.34,637.9812
154,3554,2960.0,2944.47,640.5716
155,3569,2956.0,2946.61,643.1745
156,3588,2945.0,2947.02,643.89185
157,3604,2936.0,2946.14,642.60254
158,3621,2898.0,2940.07,635.2204
159,3637,2868.0,2934.3,628.20276
160,3652,2798.0,2916.46,606.5054
161,3670,2681.0,2885.22,568.51074
162,3687,2613.0,2863.45,542.0337
163,3704,2458.0,2807.65,474.1688
164,3719,2372.0,2772.79,431.77167
165,3738,2228.0,2693.82,335.7271
166,3754,2184.0,2615.96,241.0324
167,3770,2272.0,2558.71,171.404
168,3787,2340.0,2541.21,150.12022
169,3804,2416.0,2519.92,124.22693
170,3821,2404.0,2510.65,112.95258
171,3837,2298.0,2484.31,100.0
172,3855,2116.0,2432.74,100.0
173,3871,2168.0,2411.57,100.0
174,3888,2408.0,2402.19,100.0
175,3904,2609.0,2427.11,100.0
176,3921,2689.0,2448.06,100.0
177,3937,2806.0,2499.21,100.0
178,3954,2864.0,2553.33,164.8609
179,3971,2881.0,2579.54,196.73788
180,3987,2885.0,2626.31,253.62035
181,4004,2896.0,2667.52,303.74057
182,4021,2904.0,2686.44,326.75128
183,4038,2904.0,2720.44,368.10263
184,4054,2901.0,2734.89,385.6769
185,4071,2891.0,2759.6,415.72986
186,4087,2882.0,2778.62,438.8623
187,4104,2886.0,2787.21,449.30942
188,4119,2896.0,2803.63,469.2796
189,4138,2904.0,2818.75,487.6689
190,4154,2908.0,2825.89,496.35257
191,4171,2910.0,2838.74,511.98108
192,4188,2908.0,2849.67,525.27423
193,4203,2908.0,2854.34,530.95416
194,4221,2912.0,2862.75,541.18243
195,4235,2916.0,2867.01,546.3635
196,4252,2920.0,2875.15,556.2634
197,4270,2924.0,2882.51,565.21484
198,4286,2926.0,2885.99,569.44727
199,4305,2928.0,2892.44,577.2918
200,4320,2926.0,2898.04,584.1027
201,4336,2928.0,2900.43,587.0094
202,4354,2916.0,2903.19,590.3661
203,4371,2874.0,2900.47,587.0581
204,4387,2844.0,2895.96,581.57294
205,4404,2748.0,2877.2,558.7567
206,4420,2624.0,2843.17,517.36884
207,4438,2560.0,2820.52,489.82162
208,4454,2425.0,2764.99,422.28513
209,4470,2283.0,2696.4,338.86475
210,4488,2221.0,2658.37,292.6123
211,4504,2213.0,2587.97,206.99051
212,4522,2371.0,2547.95,158.3175
213,4537,2436.0,2538.99,147.42026
214,4554,2487.0,2530.05,136.54736
215,4568,2488.0,2526.69,132.46074
216,4588,2489.0,2521.12,125.68663
217,4603,2422.0,2509.65,111.73637
218,4622,2138.0,2463.6,100.0
219,4636,2147.0,2438.27,100.0
220,4655,2450.0,2429.4,100.0
221,4671,2565.0,2440.25,100.0
222,4688,2756.0,2482.79,100.0
223,4703,2864.0,2538.4,146.70258
224,4721,2888.0,2566.37,180.72041
225,4736,2905.0,2618.82,244.5109
226,4754,2913.0,2663.49,298.83917
227,4771,2924.0,2684.33,324.18524
228,4788,2932.0,2722.23,370.27972
229,4804,2940.0,2755.38,410.59714
230,4820,2932.0,2769.51,427.78244
231,4837,2922.0,2793.45,456.8986
232,4854,2918.0,2803.41,469.01205
233,4871,2908.0,2819.77,488.9095
234,4885,2902.0,2832.55,504.45276
235,4902,2901.0,2838.03,511.11758
236,4922,2908.0,2848.63,524.0093
237,4937,2908.0,2858.04,535.4541
238,4954,2900.0,2861.4,539.5404
239,4969,2882.0,2865.59,544.6366
240,4988,2841.0,2863.29,541.83923
241,5004,2812.0,2859.18,536.84045
242,5018,2736.0,2843.21,517.4175
243,5035,2690.0,2830.95,502.50668
244,5053,2578.0,2796.44,460.53506
245,5069,2456.0,2749.01,402.85
246,5088,2384.0,2719.81,367.33655
247,5104,2256.0,2653.28,286.42163
248,5121,2209.0,2585.26,203.69461
249,5138,2349.0,2542.71,151.94455
250,5154,2433.0,2533.93,141.26614
251,5171,2498.0,2526.35,132.04742
252,5188,2512.0,2525.21,130.66077
253,5204,2524.0,2524.73,130.077
254,5219,2517.0,2524.11,129.3231
255,5237,2388.0,2510.56,112.843315
256,5254,2136.0,2458.92,100.0
257,5270,2380.0,2435.09,100.0
258,5286,2497.0,2440.05,100.0
259,5303,2700.0,2473.35,100.0
260,5321,2772.0,2497.24,100.0
261,5335,2858.0,2549.86,160.64067
262,5355,2892.0,2601.09,222.9474
263,5371,2900.0,2625.0,252.02702
264,5388,2892.0,2667.19,303.3391
265,5404,2887.0,2700.58,343.94873
266,5420,2897.0,2716.3,363.06763
267,5437,2917.0,2746.46,399.7486
268,5455,2926.0,2773.6,432.7569
269,5470,2928.0,2785.95,447.77698
270,5487,2933.0,2808.76,475.51892
271,5505,2936.0,2828.08,499.0163
272,5520,2935.0,2836.63,509.4147
273,5537,2941.0,2852.37,528.5582
274,5552,2944.0,2859.7,537.4729
275,5569,2945.0,2872.73,553.32025
276,5588,2946.0,2883.91,566.9175
277,5603,2948.0,2889.04,573.1568
278,5621,2944.0,2897.55,583.50684
279,5637,2917.0,2901.42,588.21344
280,5653,2909.0,2902.03,588.95544
281,5670,2868.0,2898.57,584.7474
282,5687,2825.0,2888.96,573.05945
283,5704,2801.0,2881.93,564.5094
284,5721,2744.0,2863.68,542.3135
285,5737,2656.0,2835.46,507.99182
286,5755,2600.0,2816.63,485.0904
287,5771,2489.0,2770.79,429.33923
288,5787,2354.0,2711.56,357.3028
289,5805,2281.0,2677.11,315.40417
290,5820,2192.0,2604.95,227.64185
291,5837,2246.0,2546.21,156.20131
292,5854,2308.0,2527.16,133.03232
293,5869,2434.0,2508.28,110.070305
294,5888,2469.0,2505.14,106.25122
295,5904,2505.0,2504.09,104.974434
296,5921,2523.0,2506.48,107.88106
297,5938,2538.0,2509.0,110.945946
298,5954,2556.0,2516.07,119.54468
299,5971,2515.0,2518.34,122.30551
300,5988,2444.0,2512.39,115.06879
301,6004,2224.0,2476.12,100.0
302,6022,2210.0,2432.3,100.0
303,6038,2275.0,2419.71,100.0
304,6055,2401.0,2412.13,100.0
305,6071,2493.0,2421.53,100.0
306,6088,2523.0,2429.65,100.0
307,6103,2560.0,2448.64,100.0
308,6119,2588.0,2459.79,100.0
309,6138,2648.0,2486.42,100.0
310,6154,2712.0,2518.79,122.85275
311,6171,2736.0,2536.16,143.97827
312,6188,2776.0,2571.38,186.81337
313,6203,2810.0,2606.86,229.965
314,6221,2825.0,2624.31,251.18791
315,6237,2804.0,2652.86,285.91095
316,6252,2800.0,2664.64,300.23773
317,6269,2810.0,2686.52,326.8487
318,6288,2828.0,2707.44,352.2918
319,6304,2838.0,2717.89,365.00122
320,6319,2854.0,2738.5,390.06757
321,6338,2864.0,2757.78,413.51624
322,6354,2856.0,2765.64,423.07553
323,6371,2860.0,2779.54,439.9811
324,6387,2867.0,2792.75,456.0473
325,6404,2869.0,2798.85,463.46634
326,6421,2876.0,2810.19,477.25803
327,6438,2874.0,2820.14,489.35934
328,6454,2880.0,2824.93,495.18506
329,6470,2874.0,2832.91,504.8904
330,6485,2877.0,2836.43,509.17154
331,6502,2872.0,2841.9,515.8242
332,6521,2866.0,2846.04,520.8595
333,6538,2860.0,2848.48,523.827
334,6553,2856.0,2849.08,524.5569
335,6569,2860.0,2850.46,526.2351
336,6585,2864.0,2851.55,527.5609
337,6605,2859.0,2852.76,529.0325
338,6621,2857.0,2853.78,530.273
339,6636,2852.0,2853.64,530.10254
340,6655,2848.0,2852.77,529.0446
341,6671,2856.0,2852.83,529.1177
342,6686,2852.0,2852.76,529.0325
343,6704,2843.0,2851.63,527.65796
344,6720,2844.0,2850.46,526.2351
345,6737,2848.0,2850.26,525.9919
346,6754,2849.0,2849.99,525.6635
347,6771,2849.0,2849.99,525.6635
348,6786,2848.0,2849.83,525.469
349,6805,2848.0,2849.62,525.2136
350,6820,2848.0,2849.49,525.0554
351,6838,2848.0,2849.26,524.77563
352,6854,2850.0,2849.3,524.82434
353,6871,2848.0,2849.2,524.70264
354,6887,2854.0,2849.79,525.4203
355,6904,2858.0,2850.9,526.77014
356,6921,2856.0,2851.31,527.26904
357,6936,2856.0,2852.18,528.3269
358,6952,2856.0,2852.48,528.6919
359,6972,2849.0,2852.48,528.6919
360,6986,2856.0,2852.76,529.0325
361,7005,2861.0,2853.66,530.12695
362,7021,2860.0,2854.16,530.73505
363,7035,2865.0,2855.75,532.66895
364,7052,2866.0,2856.57,533.6663
365,7072,2864.0,2857.71,535.0527
366,7086,2864.0,2858.68,536.23236
367,7104,2859.0,2858.8,536.3784
368,7121,2853.0,2858.34,535.81903
369,7137,2840.0,2856.11,533.1069
370,7154,2825.0,2853.62,530.0785
371,7171,2832.0,2850.3,526.04065
372,7187,2834.0,2847.72,522.90265
373,7204,2833.0,2846.55,521.47974
374,7221,2836.0,2844.63,519.1445
375,7235,2840.0,2844.26,518.6946
376,7255,2856.0,2845.48,520.17834
377,7270,2861.0,2847.57,522.72034
378,7287,2877.0,2851.5,527.5
379,7304,2884.0,2854.1,530.6623
380,7321,2906.0,2861.33,539.4555
381,7338,2928.0,2870.99,545.17163
382,7354,2932.0,2875.87,557.13934
383,7370,2928.0,2883.65,566.6012
384,7386,2928.0,2887.2,570.9189
385,7403,2929.0,2893.33,578.37445
386,7420,2925.0,2898.41,584.5526
387,7438,2923.0,2900.38,586.9485
388,7454,2920.0,2903.39,590.6094
389,7471,2929.0,2907.11,595.1339
390,7486,2932.0,2909.1,597.5542
391,7504,2936.0,2913.08,602.3947
392,7520,2937.0,2915.0,604.72974
393,7538,2934.0,2918.21,608.6337
394,7552,2921.0,2919.15,609.77686
395,7571,2920.0,2919.36,610.0326
396,7587,2920.0,2919.41,610.09314
397,7605,2929.0,2920.51,611.43115
398,7621,2938.0,2922.83,614.2528
399,7638,2940.0,2924.21,615.931
400,7654,2934.0,2925.93,618.0229
401,7671,2940.0,2927.06,619.3974
402,7687,2948.0,2929.61,622.4988
403,7702,2951.0,2931.32,624.5784
404,7719,2960.0,2935.29,629.4068
405,7738,2961.0,2938.87,633.7609
406,7754,2957.0,2941.87,637.4096
407,7770,2965.0,2943.72,639.6594
408,7787,2968.0,2947.45,644.1959
409,7804,2972.0,2949.42,646.5918
410,7821,2970.0,2952.5,650.3378
411,7838,2976.0,2955.82,654.37573
412,7854,2976.0,2957.43,656.3337
413,7871,2974.0,2959.83,659.2528
414,7887,2965.0,2960.7,660.3107
415,7905,2966.0,2961.12,660.8217
416,7921,2964.0,2961.86,661.72174
417,7937,2967.0,2962.8,662.8649
418,7955,2968.0,2963.21,663.36346
419,7971,2968.0,2963.65,663.8985
420,7985,2968.0,2964.0,664.32434
421,8004,2976.0,2965.7,666.39185
422,8021,2970.0,2966.5,667.36487
423,8037,2960.0,2966.02,666.7811
424,8054,2949.0,2964.66,665.1269
425,8071,2913.0,2958.42,657.5378
426,8087,2880.0,2952.14,649.8999
427,8103,2803.0,2932.25,625.7095
428,8120,2708.0,2901.49,588.2986
429,8137,2650.0,2881.37,563.8285
430,8154,2546.0,2833.83,506.00955
431,8171,2432.0,2776.3,436.04062
432,8187,2384.0,2744.92,397.87558
433,8205,2313.0,2681.15,320.31744
434,8221,2265.0,2618.7,244.3648
435,8238,2248.0,2589.05,208.30411
436,8255,2253.0,2536.77,144.72029
437,8271,2290.0,2497.03,100.0
438,8288,2327.0,2483.42,100.0
439,8304,2296.0,2457.43,100.0
440,8322,2258.0,2427.39,100.0
441,8337,2264.0,2414.32,100.0
442,8355,2305.0,2395.91,100.0
443,8371,2329.0,2390.55,100.0
444,8386,2370.0,2385.92,100.0
445,8405,2414.0,2388.4,100.0
446,8421,2448.0,2393.17,100.0
447,8438,2536.0,2411.72,100.0
448,8454,2619.0,2440.47,100.0
449,8471,2658.0,2457.87,100.0
450,8487,2721.0,2495.93,100.0
451,8505,2759.0,2535.23,142.84727
452,8519,2770.0,2554.02,165.70003
453,8538,2792.0,2589.69,209.08237
454,8553,2799.0,2606.43,229.44182
455,8571,2822.0,2638.73,268.72565
456,8586,2842.0,2669.07,305.62576
457,8604,2848.0,2683.39,323.04175
458,8621,2859.0,2709.99,355.39325
459,8636,2872.0,2734.44,385.12967
460,8654,2880.0,2746.08,399.28656
461,8671,2892.0,2767.83,425.7393
462,8688,2892.0,2786.9,448.9323
463,8704,2890.0,2795.15,458.9661
464,8721,2897.0,2810.43,477.54993
465,8737,2904.0,2824.28,494.39465
466,8754,2904.0,2830.66,502.15396
467,8771,2908.0,2842.39,516.42017
468,8788,2900.0,2851.54,527.5487
469,8804,2900.0,2855.41,532.2553
470,8821,2902.0,2862.72,541.14594
471,8837,2904.0,2866.02,545.1595
472,8854,2904.0,2872.15,552.61475
473,8868,2892.0,2875.71,556.9446
474,8888,2891.0,2876.94,558.4405
475,8902,2897.0,2879.8,561.91895
476,8919,2898.0,2882.74,565.4946
477,8938,2898.0,2883.96,566.97833
478,8953,2898.0,2886.12,569.6056
479,8971,2898.0,2888.09,572.00146
480,8988,2904.0,2889.36,573.5461
481,9004,2915.0,2892.78,577.70544
482,9021,2916.0,2896.35,582.04736
483,9038,2920.0,2898.24,584.34595
484,9054,2922.0,2901.74,588.60266
485,9071,2928.0,2903.84,591.15686
486,9087,2932.0,2907.95,596.15533
487,9104,2938.0,2912.42,601.5918
488,9122,2944.0,2914.94,604.6566
489,9137,2944.0,2919.41,610.09314
490,9155,2944.0,2922.89,614.32556
491,9170,2932.0,2923.62,615.2137
492,9186,2920.0,2923.65,615.2499
493,9205,2890.0,2919.88,610.6647
494,9220,2867.0,2915.65,605.52014
495,9236,2798.0,2900.52,587.1189
496,9255,2701.0,2873.63,554.4147
497,9270,2657.0,2856.3,533.3379
498,9287,2566.0,2815.1,483.22983
499,9303,2532.0,2792.45,455.68237
500,9319,2448.0,2742.56,395.00546
501,9336,2365.0,2687.14,327.60257
502,9355,2333.0,2658.81,293.14737
503,9370,2288.0,2603.33,225.67172
504,9388,2275.0,2552.97,164.42294
505,9404,2286.0,2531.61,138.44473
506,9421,2352.0,2500.86,101.046074
507,9436,2332.0,2476.69,100.0
508,9455,2316.0,2463.83,100.0
509,9471,2322.0,2441.09,100.0
510,9486,2338.0,2424.67,100.0
511,9505,2352.0,2418.85,100.0
512,9519,2370.0,2410.61,100.0
513,9539,2376.0,2404.71,100.0
514,9553,2378.0,2402.57,100.0
515,9571,2384.0,2399.5,100.0
516,9588,2400.0,2399.54,100.0
517,9605,2428.0,2402.81,100.0
518,9622,2464.0,2410.59,100.0
519,9637,2477.0,2415.9,100.0
520,9654,2512.0,2429.48,100.0
521,9671,2544.0,2445.45,100.0
522,9688,2548.0,2453.66,100.0
523,9703,2561.0,2470.0,100.0
524,9721,2581.0,2486.24,100.0
525,9736,2586.0,2494.22,100.0
526,9755,2602.0,2510.33,112.56361
527,9770,2620.0,2526.37,132.07176
528,9788,2632.0,2534.82,142.34872
529,9803,2644.0,2551.07,162.11224
530,9821,2659.0,2567.14,181.65663
531,9838,2672.0,2575.53,191.86084
532,9854,2676.0,2590.66,210.26205
533,9871,2681.0,2597.89,219.05527
534,9888,2668.0,2609.17,232.77423
535,9905,2653.0,2616.42,241.5918
536,9920,2651.0,2619.19,244.96074
537,9938,2656.0,2624.4,251.29718
538,9953,2672.0,2630.83,259.11768
539,9971,2687.0,2635.32,264.57846
540,9988,2716.0,2646.83,278.57712
541,10004,2740.0,2660.48,295.17834
542,10023,2752.0,2674.54,312.27844
543,10037,2756.0,2681.05,320.19598
544,10055,2753.0,2692.18,333.73236
545,10071,2756.0,2697.28,339.93518
546,10088,2763.0,2707.53,352.4014
547,10104,2760.0,2711.72,357.49728
548,10121,2753.0,2718.36,365.57312
549,10137,2752.0,2723.82,372.2136
550,10154,2752.0,2726.07,374.95007
551,10170,2749.0,2729.82,379.5109
552,10188,2750.0,2733.06,383.45142
553,10204,2752.0,2734.58,385.30008
554,10221,2756.0,2738.16,389.65396
555,10238,2753.0,2740.52,392.52435
556,10255,2752.0,2741.43,393.63098
557,10271,2749.0,2742.82,395.3217
558,10288,2749.0,2743.31,395.91763
559,10304,2749.0,2744.11,396.89066
560,10320,2748.0,2745.0,397.973
561,10338,2746.0,2745.23,398.2527
562,10354,2753.0,2745.85,399.00687
563,10372,2760.0,2747.58,401.1109
564,10387,2768.0,2749.22,403.10538
565,10404,2764.0,2751.93,406.40128
566,10419,2760.0,2753.46,408.26212
567,10438,2757.0,2753.75,408.61487
568,10454,2756.0,2753.94,408.8459
569,10471,2755.0,2754.11,409.05283
570,10488,2752.0,2753.94,408.8459
571,10505,2752.0,2753.71,408.5662
572,10521,2752.0,2753.45,408.24994
573,10536,2753.0,2753.41,408.20123
574,10553,2759.0,2754.13,409.07687
575,10572,2760.0,2754.14,409.08905
576,10587,2761.0,2754.69,409.75806
577,10605,2768.0,2756.22,411.6189
578,10620,2764.0,2756.84,412.3731
579,10637,2770.0,2758.79,414.74466
580,10655,2774.0,2760.83,417.22577
581,10670,2773.0,2761.81,418.41763
582,10686,2782.0,2764.47,421.65268
583,10704,2782.0,2767.16,424.92422
584,10721,2780.0,2768.19,426.17694
585,10738,2779.0,2769.92,428.28098
586,10752,2780.0,2770.73,429.26617
587,10771,2781.0,2772.23,431.0905
588,10785,2786.0,2774.27,433.57162
589,10805,2789.0,2776.39,436.14984
590,10820,2792.0,2777.64,437.67014
591,10838,2795.0,2780.01,440.5527
592,10853,2796.0,2781.29,442.1095
593,10871,2800.0,2783.87,445.24744
594,10888,2802.0,2786.51,448.4581
595,10904,2804.0,2787.91,450.1607
596,10921,2816.0,2791.93,455.0499
597,10937,2825.0,2797.01,461.2284
598,10954,2829.0,2799.57,464.34198
599,10971,2834.0,2804.34,470.14334
600,10987,2830.0,2808.28,474.93515
601,11004,2836.0,2810.5,477.63513
602,11021,2833.0,2814.03,481.9284
603,11037,2834.0,2817.54,486.19736
604,11055,2838.0,2819.17,488.17966
605,11071,2835.0,2821.53,491.05005
606,11087,2838.0,2822.85,492.65552
607,11105,2838.0,2825.47,495.84186
608,11120,2837.0,2827.39,498.1769
609,11138,2836.0,2828.08,499.0163
610,11154,2838.0,2829.53,500.7798
611,11171,2840.0,2831.21,502.8229
612,11188,2836.0,2831.59,503.28525
613,11204,2840.0,2832.81,504.769
614,11221,2840.0,2833.84,506.02173
615,11238,2838.0,2834.17,506.42288
616,11254,2839.0,2834.55,506.8852
617,11269,2836.0,2834.66,507.0188
618,11288,2842.0,2835.35,507.85825
619,11304,2838.0,2835.9,508.52692
620,11321,2837.0,2835.99,508.63647
621,11337,2835.0,2835.91,508.5391
622,11354,2832.0,2835.61,508.17447
623,11369,2836.0,2835.64,508.21066
624,11388,2833.0,2835.23,507.71213
625,11404,2828.0,2834.42,506.72693
626,11421,2824.0,2833.58,505.7055
627,11436,2817.0,2831.4,503.05392
628,11455,2811.0,2828.64,499.69714
629,11471,2808.0,2826.99,497.69055
630,11487,2799.0,2823.28,493.17844
631,11503,2788.0,2820.45,489.73642
632,11522,2777.0,2814.3,482.2568
633,11538,2768.0,2807.48,473.96213
634,11555,2770.0,2802.02,467.32166
635,11570,2764.0,2798.98,463.62433
636,11587,2764.0,2793.24,456.64322
637,11604,2768.0,2791.22,454.18646
638,11621,2780.0,2789.05,451.54733
639,11637,2792.0,2788.92,451.3891
640,11653,2790.0,2789.0,451.48648
641,11671,2792.0,2789.61,452.22852
642,11686,2793.0,2789.88,452.5566
643,11703,2800.0,2790.99,453.90674
644,11721,2797.0,2791.92,455.03772
645,11735,2796.0,2792.24,455.42703
646,11752,2801.0,2793.59,457.06903
647,11772,2800.0,2794.57,458.2609
648,11788,2794.0,2794.71,458.43103
649,11802,2796.0,2794.81,458.55276
650,11822,2802.0,2795.77,459.7203
651,11837,2805.0,2796.51,460.6203
652,11854,2812.0,2798.52,463.06488
653,11870,2808.0,2800.27,465.19327
654,11888,2812.0,2801.21,466.33643
655,11902,2805.0,2802.08,467.39468
656,11921,2816.0,2804.22,469.99728
657,11936,2824.0,2805.8,471.919
658,11952,2820.0,2807.98,474.57025
659,11970,2828.0,2811.06,478.31628
660,11986,2826.0,2812.25,479.76352
661,12005,2826.0,2814.81,482.8771
662,12020,2829.0,2815.94,484.25128
663,12035,2821.0,2817.38,486.00256
664,12054,2794.0,2815.19,483.3391
665,12071,2770.0,2811.57,478.93655
666,12086,2688.0,2795.39,459.25797
667,12102,2612.0,2770.02,428.4027
668,12121,2554.0,2739.05,390.73654
669,12138,2528.0,2722.16,370.1945
670,12155,2468.0,2685.18,325.21884
671,12171,2441.0,2665.65,301.4661
672,12187,2410.0,2627.41,254.95801
673,12204,2407.0,2593.34,213.52173
674,12221,2421.0,2579.55,196.75006
675,12238,2460.0,2559.35,172.18256
676,12252,2474.0,2552.52,163.8757
677,12269,2483.0,2541.62,150.61906
678,12288,2489.0,2533.54,140.79193
679,12303,2496.0,2530.53,137.13112
680,12322,2510.0,2526.94,132.7648
681,12337,2519.0,2525.5,131.01352
682,12355,2524.0,2525.38,130.86743
683,12371,2517.0,2524.68,130.01613
684,12387,2513.0,2522.89,127.83906
685,12405,2521.0,2522.74,127.656746
686,12419,2546.0,2525.28,130.74599
687,12438,2568.0,2531.18,137.92154
688,12454,2581.0,2535.16,142.76205
689,12470,2595.0,2543.84,153.31903
690,12488,2621.0,2554.73,166.56349
691,12504,2636.0,2561.24,174.48108
692,12519,2656.0,2580.5,197.9054
693,12536,2665.0,2587.26,206.12704
694,12555,2661.0,2598.96,220.35672
695,12569,2652.0,2607.18,230.35397
696,12588,2674.0,2616.71,235.87564
697,12605,2672.0,2621.13,247.32013
698,12620,2664.0,2627.86,255.50554
699,12638,2665.0,2630.83,259.11768
700,12654,2676.0,2636.96,266.57294
701,12672,2688.0,2644.43,275.65802
702,12688,2681.0,2647.36,279.22174
703,12705,2666.0,2651.03,283.68518
704,12721,2672.0,2653.74,286.98108
705,12737,2672.0,2655.2,288.75668
706,12754,2684.0,2658.81,293.14737
707,12771,2692.0,2663.76,299.16757
708,12787,2686.0,2665.54,301.3325
709,12805,2672.0,2666.75,302.80405
710,12819,2674.0,2667.33,303.50955
711,12839,2696.0,2670.85,307.79065
712,12855,2700.0,2675.26,313.15405
713,12869,2686.0,2676.12,314.20013
714,12887,2680.0,2676.42,314.56476
715,12905,2696.0,2678.98,317.67834
716,12920,2685.0,2679.47,318.2743
717,12937,2688.0,2680.04,318.96762
718,12954,2678.0,2680.02,318.94327
719,12971,2678.0,2679.86,318.74878
720,12987,2693.0,2681.14,320.3053
721,13002,2694.0,2682.17,321.558
722,13022,2689.0,2683.37,323.0177
723,13037,2677.0,2682.83,322.3609
724,13055,2667.0,2681.06,320.2082
725,13070,2672.0,2680.34,319.33255
726,13086,2672.0,2678.76,317.41083
727,13104,2672.0,2678.22,316.75403
728,13120,2666.0,2676.34,314.46768
729,13135,2673.0,2675.31,313.21494
730,13155,2673.0,2675.13,312.9958
731,13171,2670.0,2674.49,312.21756
732,13186,2674.0,2674.34,312.03525
733,13205,2678.0,2674.63,312.3877
734,13220,2685.0,2675.64,313.6161
735,13236,2683.0,2676.23,314.33377
736,13255,2697.0,2678.75,317.39865
737,13269,2704.0,2682.26,321.6676
738,13288,2710.0,2686.38,326.67822
739,13304,2711.0,2688.35,329.07443
740,13321,2708.0,2691.22,332.56482
741,13338,2722.0,2695.36,337.60013
742,13352,2735.0,2698.53,341.45544
743,13371,2764.0,2707.26,352.073
744,13387,2776.0,2712.76,358.76218
745,13405,2780.0,2723.01,371.2284
746,13421,2778.0,2731.68,381.7729
747,13438,2784.0,2735.87,386.86908
748,13453,2776.0,2742.33,394.72577
749,13470,2748.0,2744.67,397.57153
750,13489,2732.0,2743.66,396.34314
751,13504,2722.0,2740.48,392.47565
752,13521,2726.0,2738.4,389.94583
753,13537,2720.0,2736.93,388.15802
754,13554,2694.0,2731.22,381.21347
755,13572,2706.0,2726.46,375.42426
756,13588,2717.0,2725.7,374.49994
757,13603,2730.0,2725.78,374.59735
758,13620,2733.0,2726.35,375.29068
759,13638,2696.0,2723.31,371.59332
760,13654,2667.0,2715.69,362.3256
761,13669,2670.0,2712.04,357.88654
762,13686,2698.0,2708.78,353.9217
763,13704,2712.0,2708.68,353.79993
764,13721,2722.0,2709.75,355.10138
765,13735,2738.0,2713.35,359.47986
766,13754,2740.0,2717.15,364.10126
767,13769,2741.0,2719.06,366.42438
768,13786,2752.0,2723.75,372.12836
769,13805,2756.0,2728.56,377.97845
770,13821,2752.0,2730.43,380.25262
771,13838,2760.0,2734.68,385.42154
772,13854,2760.0,2736.7,387.87833
773,13871,2764.0,2740.6,392.62173
774,13886,2760.0,2744.17,396.96344
775,13905,2717.0,2741.47,393.67972
776,13921,2708.0,2738.79,390.42032
777,13936,2704.0,2734.04,384.64328
778,13954,2698.0,2731.15,381.12827
779,13971,2664.0,2721.94,369.92694
780,13988,2620.0,2707.9,352.85123
781,14005,2594.0,2698.79,341.77167
782,14019,2564.0,2678.97,317.6662
783,14038,2555.0,2660.37,295.04474
784,14055,2544.0,2651.06,283.72168
785,14071,2506.0,2630.1,258.22986
786,14088,2464.0,2605.92,228.82152
787,14104,2440.0,2592.64,212.67014
788,14122,2397.0,2564.06,177.91089
789,14137,2374.0,2548.86,159.42445
790,14154,2332.0,2517.02,120.70003
791,14172,2292.0,2483.93,100.0
792,14188,2284.0,2467.94,100.0
793,14204,2273.0,2438.21,100.0
794,14221,2282.0,2413.7,100.0
795,14238,2288.0,2403.65,100.0
796,14255,2312.0,2388.76,100.0
797,14271,2360.0,2382.58,100.0
798,14287,2380.0,2382.37,100.0
799,14305,2424.0,2387.15,100.0
800,14321,2456.0,2396.69,100.0
801,14336,2466.0,2402.24,100.0
802,14355,2478.0,2413.21,100.0
803,14371,2488.0,2419.19,100.0
804,14388,2512.0,2432.27,100.0
805,14404,2522.0,2445.47,100.0
806,14422,2521.0,2451.51,100.0
807,14438,2529.0,2463.26,100.0
808,14455,2530.0,2473.66,100.0
809,14472,2533.0,2478.41,100.0
810,14487,2523.0,2485.63,100.0
811,14503,2520.0,2488.38,100.0
812,14521,2520.0,2493.01,100.0
813,14537,2531.0,2498.63,100.0
814,14554,2535.0,2504.36,105.30283
815,14572,2539.0,2507.13,108.67148
816,14588,2544.0,2512.94,115.73776
817,14605,2545.0,2515.51,118.863525
818,14622,2525.0,2517.92,121.794495
819,14638,2528.0,2519.03,123.14463
820,14652,2536.0,2520.39,124.798515
821,14672,2528.0,2521.7,126.39183
822,14686,2529.0,2522.29,127.109505
823,14704,2524.0,2522.62,127.510956
824,14721,2548.0,2524.83,130.19875
825,14738,2502.0,2523.24,128.26486
826,14755,2419.0,2514.9,118.121506
827,14771,2450.0,2501.98,102.40808
828,14787,2478.0,2500.07,100.08522
829,14803,2512.0,2500.79,100.96086
830,14820,2528.0,2504.38,105.32688
831,14838,2544.0,2509.73,111.83376
832,14854,2546.0,2512.63,115.36067
833,14871,2558.0,2519.23,123.38782
834,14886,2560.0,2522.5,127.36487
835,14905,2568.0,2528.97,135.23375
836,14921,2580.0,2536.22,144.05132
837,14936,2578.0,2539.56,148.11359
838,14955,2581.0,2546.29,156.29869
839,14970,2586.0,2552.32,163.63252
840,14988,2592.0,2555.49,167.48782
841,15005,2593.0,2560.89,174.05527
842,15020,2595.0,2566.2,180.51346
843,15038,2593.0,2568.34,183.11632
844,15054,2596.0,2572.74,188.46756
845,15071,2601.0,2577.01,193.66083
846,15088,2603.0,2579.09,196.19064
847,15102,2608.0,2583.23,201.22565
848,15121,2605.0,2584.97,203.34186
849,15137,2608.0,2588.22,207.29456
850,15154,2610.0,2591.19,210.90668
851,15169,2608.0,2592.54,212.5487
852,15188,2608.0,2594.91,215.43097
853,15202,2609.0,2596.04,216.80545
854,15221,2609.0,2597.96,219.1405
855,15236,2609.0,2599.58,221.1109
856,15254,2612.0,2601.56,223.51898
857,15269,2612.0,2602.4,224.54042
858,15287,2612.0,2604.17,226.69315
859,15304,2611.0,2605.36,228.14067
860,15321,2614.0,2606.05,228.97978
861,15337,2613.0,2607.05,230.19601
862,15355,2613.0,2607.52,230.7676
863,15371,2620.0,2609.15,232.7499
864,15388,2617.0,2610.28,234.12436
865,15405,2616.0,2610.74,234.68378
866,15421,2617.0,2611.63,235.76607
867,15438,2618.0,2612.6,236.94608
868,15454,2613.0,2612.64,236.99448
869,15471,2616.0,2613.52,238.06488
870,15487,2618.0,2614.06,238.7217
871,15504,2619.0,2614.46,239.20805
872,15521,2619.0,2615.23,240.14458
873,15538,2618.0,2615.8,240.8379
874,15554,2624.0,2616.46,241.6405
875,15571,2620.0,2617.07,242.38252
876,15588,2624.0,2617.7,243.14859
877,15604,2624.0,2618.2,243.7567
878,15621,2624.0,2618.72,244.38916
879,15637,2624.0,2619.15,244.91205
880,15654,2621.0,2619.43,245.25261
881,15672,2624.0,2620.13,246.10391
882,15688,2624.0,2620.44,246.48102
883,15702,2624.0,2620.99,247.14998
884,15719,2624.0,2621.23,247.44188
885,15736,2626.0,2621.96,248.32968
886,15753,2624.0,2622.28,248.71895
887,15772,2624.0,2622.54,249.03519
888,15788,2624.0,2622.66,249.18098
889,15805,2624.0,2622.86,249.42445
890,15821,2628.0,2623.58,250.3001
891,15837,2620.0,2623.29,249.94734
892,15854,2620.0,2623.15,249.77692
893,15871,2625.0,2623.3,249.95952
894,15887,2628.0,2623.73,250.4824
895,15905,2627.0,2624.16,251.0053
896,15921,2628.0,2624.47,251.3824
897,15937,2627.0,2624.85,251.84471
898,15955,2624.0,2624.87,251.86906
899,15971,2631.0,2625.36,252.465
900,15988,2630.0,2625.85,253.06093
901,16004,2626.0,2625.88,253.09715
902,16020,2627.0,2625.97,253.20673
903,16038,2628.0,2625.98,253.2189
904,16055,2629.0,2626.52,253.8757
905,16070,2630.0,2626.8,254.21628
906,16088,2632.0,2627.23,254.73917
907,16104,2628.0,2627.29,254.81221
908,16119,2626.0,2626.95,254.39859
909,16136,2627.0,2627.03,254.49597
910,16155,2628.0,2627.11,254.59337
911,16170,2630.0,2627.4,254.94582
912,16186,2632.0,2627.77,255.39597
913,16205,2632.0,2628.13,255.83363
914,16219,2627.0,2628.39,256.14987
915,16238,2629.0,2628.71,256.53912
916,16253,2632.0,2628.97,256.85535
917,16271,2628.0,2629.19,257.12292
918,16286,2632.0,2629.42,257.4026
919,16302,2629.0,2629.43,257.4148
920,16323,2632.0,2629.82,257.88928
921,16336,2635.0,2630.23,258.38782
922,16356,2632.0,2630.36,258.54608
923,16370,2632.0,2630.68,258.93506
924,16388,2632.0,2630.79,259.06897
925,16404,2634.0,2630.99,259.31213
926,16422,2632.0,2631.14,259.49445
927,16438,2634.0,2631.37,259.77448
928,16455,2632.0,2631.32,259.7136
929,16472,2630.0,2631.27,259.6527
930,16488,2634.0,2631.48,259.90808
931,16505,2632.0,2631.71,260.1878
932,16519,2632.0,2631.73,260.21216
933,16538,2634.0,2632.01,260.55273
934,16555,2632.0,2632.3,260.90546
935,16571,2635.0,2632.52,261.173
936,16587,2632.0,2632.66,261.34314
937,16605,2634.0,2632.86,261.5866
938,16621,2634.0,2632.96,261.70807
939,16636,2638.0,2633.29,262.1095
940,16655,2639.0,2633.72,262.6324
941,16671,2634.0,2633.75,262.66895
942,16687,2634.0,2633.79,262.71762
943,16703,2634.0,2633.8,262.7298
944,16722,2635.0,2633.99,262.96082
945,16737,2636.0,2634.3,263.3379
946,16754,2635.0,2634.35,263.39874
947,16770,2634.0,2634.45,263.5202
948,16787,2637.0,2635.06,264.26224
949,16804,2638.0,2635.29,264.54193
950,16821,2636.0,2635.33,264.59064
951,16837,2635.0,2635.35,264.615
952,16855,2638.0,2635.56,264.87036
953,16869,2640.0,2635.8,265.16223
954,16888,2636.0,2635.91,265.29584
955,16903,2632.0,2635.59,264.90686
956,16920,2641.0,2636.2,265.6486
957,16938,2640.0,2636.57,266.09872
958,16954,2637.0,2636.6,266.13525
959,16971,2638.0,2636.74,266.3054
960,16988,2640.0,2637.02,266.64597
961,17005,2638.0,2637.1,266.74335
962,17021,2636.0,2637.23,266.9013
963,17038,2640.0,2637.36,267.05957
964,17053,2637.0,2637.33,267.02307
965,17071,2640.0,2637.81,267.6068
966,17088,2637.0,2637.75,267.53378
967,17105,2641.0,2638.32,268.2271
968,17120,2636.0,2638.33,268.23926
969,17138,2640.0,2638.47,268.40942
970,17154,2634.0,2638.0,267.83783
971,17171,2637.0,2637.77,267.55814
972,17188,2640.0,2637.95,267.77698
973,17205,2638.0,2637.81,267.6068
974,17221,2637.0,2637.69,267.46075
975,17237,2640.0,2637.87,267.67987
976,17254,2640.0,2638.2,268.08102
977,17270,2641.0,2638.42,268.34857
978,17287,2640.0,2638.67,268.6526
979,17304,2642.0,2639.03,269.09058
980,17321,2640.0,2639.11,269.18796
981,17336,2643.0,2639.63,269.82013
982,17355,2640.0,2639.69,269.8932
983,17370,2638.0,2639.55,269.72302
984,17388,2640.0,2639.7,269.90533
985,17404,2640.0,2639.74,269.95404
986,17421,2640.0,2639.76,269.9784
987,17438,2638.0,2639.64,269.83228
988,17453,2640.0,2639.7,269.90533
989,17471,2644.0,2640.04,270.31897
990,17487,2640.0,2640.11,270.40417
991,17504,2641.0,2640.17,270.47693
992,17522,2640.0,2640.16,270.46478
993,17537,2641.0,2640.51,270.89056
994,17554,2640.0,2640.43,270.79315
995,17571,2641.0,2640.48,270.85403
996,17587,2636.0,2640.16,270.46478
997,17605,2646.0,2640.69,271.10938
998,17621,2642.0,2640.79,271.23114
999,17636,2644.0,2640.99,271.4743
1000,17654,2642.0,2641.07,271.57172
1001,17670,2640.0,2640.98,271.46216
1002,17688,2641.0,2640.98,271.46216
1003,17704,2640.0,2640.9,271.36475
1004,17720,2640.0,2640.77,271.2068
1005,17738,2641.0,2640.88,271.3404
1006,17755,2640.0,2640.8,271.2433
1007,17769,2642.0,2641.14,271.65662
1008,17786,2642.0,2641.2,271.72968
1009,17803,2642.0,2641.33,271.88794
1010,17820,2642.0,2641.87,272.54474
1011,17838,2644.0,2642.04,272.7514
1012,17855,2642.0,2642.26,273.01892
1013,17871,2642.0,2642.36,273.1407
1014,17887,2642.0,2642.34,273.11633
1015,17905,2643.0,2642.51,273.323
1016,17919,2644.0,2642.74,273.6027
1017,17939,2642.0,2642.68,273.52966
1018,17954,2644.0,2643.18,274.13776
1019,17972,2645.0,2643.46,274.47833
1020,17988,2644.0,2643.5,274.52704
1021,18005,2648.0,2643.75,274.83105
1022,18021,2649.0,2644.19,275.36615
1023,18038,2644.0,2644.17,275.3418
1024,18055,2643.0,2643.99,275.12296
1025,18070,2644.0,2643.99,275.12296
1026,18088,2644.0,2643.99,275.12296
1027,18104,2645.0,2644.08,275.23254
1028,18121,2642.0,2643.91,275.02557
1029,18138,2644.0,2644.0,275.13513
1030,18152,2648.0,2644.32,275.5244
1031,18172,2644.0,2644.34,275.54877
1032,18188,2645.0,2644.66,275.93774
1033,18203,2644.0,2644.61,275.87714
1034,18222,2644.0,2644.59,275.8528
1035,18237,2645.0,2644.58,275.84064
1036,18255,2645.0,2644.57,275.82846
1037,18271,2642.0,2644.37,275.58527
1038,18286,2646.0,2644.47,275.70673
1039,18305,2643.0,2644.54,275.79193
1040,18321,2646.0,2644.65,275.92554
1041,18337,2645.0,2644.49,275.73108
1042,18354,2648.0,2644.77,276.07166
1043,18372,2649.0,2645.2,276.59454
1044,18387,2646.0,2645.47,276.9229
1045,18405,2644.0,2645.35,276.77716
1046,18422,2650.0,2645.77,277.28784
1047,18437,2646.0,2645.73,277.23917
1048,18455,2644.0,2645.59,277.06903
1049,18471,2646.0,2645.8,277.32437
1050,18488,2645.0,2645.75,277.26352
1051,18504,2648.0,2645.93,277.48236
1052,18521,2645.0,2646.16,277.76205
1053,18536,2648.0,2646.31,277.94467
1054,18553,2652.0,2646.66,278.37018
1055,18570,2648.0,2646.87,278.6258
1056,18588,2649.0,2647.04,278.83246
1057,18605,2645.0,2646.95,278.7229
1058,18619,2648.0,2647.03,278.8203
1059,18637,2648.0,2647.18,279.00262
1060,18654,2649.0,2647.68,279.61072
1061,18672,2650.0,2647.89,279.8661
1062,18688,2648.0,2647.9,279.87823
1063,18703,2649.0,2648.07,280.0852
1064,18722,2649.0,2648.14,280.17014
1065,18738,2645.0,2647.89,279.8661
1066,18755,2650.0,2648.36,280.438
1067,18771,2650.0,2648.46,280.55942
1068,18786,2648.0,2648.43,280.5229
1069,18806,2650.0,2648.74,280.9
1070,18821,2652.0,2649.02,281.24057
1071,18839,2649.0,2649.02,281.24057
1072,18855,2648.0,2648.86,281.04608
1073,18871,2652.0,2649.11,281.35013
1074,18888,2648.0,2649.31,281.59332
1075,18904,2650.0,2649.49,281.81216
1076,18921,2650.0,2649.53,281.86084
1077,18936,2649.0,2649.38,281.67822
1078,18955,2653.0,2649.56,281.89737
1079,18971,2649.0,2649.52,281.8487
