sample,processing_time_ms,sensor_time_ms,raw,smoothed,frequency
0,1648,0.0,0.0,700.0,100.0
1,1687,0.0,0.0,700.0,100.0
2,1707,0.0,0.0,700.0,100.0
3,1723,0.0,0.0,700.0,100.0
4,1740,0.0,0.0,700.0,100.0
5,1756,0.0,0.0,700.0,100.0
6,1773,0.0,0.0,700.0,100.0
7,1791,0.0,0.0,700.0,100.0
8,1807,0.0,0.0,700.0,100.0
9,1824,0.0,0.0,700.0,100.0
10,1838,0.0,0.0,700.0,100.0
11,1858,0.0,0.0,700.0,100.0
12,1873,0.0,0.0,700.0,100.0
13,1891,0.0,0.0,700.0,100.0
14,1907,0.0,0.0,700.0,100.0
15,1924,0.0,0.0,700.0,100.0
16,1940,0.0,0.0,700.0,100.0
17,1958,0.0,0.0,700.0,100.0
18,1974,0.0,0.0,700.0,100.0
19,1991,0.0,0.0,700.0,100.0
20,2007,0.0,0.0,700.0,100.0
21,2024,0.0,0.0,700.0,100.0
22,2040,0.0,0.0,700.0,100.0
23,2058,0.0,0.0,700.0,100.0
24,2074,0.0,0.0,700.0,100.0
25,2090,0.0,0.0,700.0,100.0
26,2107,0.0,0.0,700.0,100.0
27,2123,0.0,0.0,700.0,100.0
28,2141,0.0,0.0,700.0,100.0
29,2157,0.0,0.0,700.0,100.0
30,2174,0.0,0.0,700.0,100.0
31,2190,0.0,0.0,700.0,100.0
32,2206,0.0,0.0,700.0,100.0
33,2224,0.0,0.0,700.0,100.0
34,2241,0.0,0.0,700.0,100.0
35,2256,0.0,0.0,700.0,100.0
36,2274,0.0,0.0,700.0,100.0
37,2291,0.0,0.0,700.0,100.0
38,2306,0.0,0.0,700.0,100.0
39,2324,0.0,0.0,700.0,100.0
40,2341,0.0,0.0,700.0,100.0
41,2357,0.0,0.0,700.0,100.0
42,2372,0.0,0.0,700.0,100.0
43,2392,0.0,0.0,700.0,100.0
44,2406,0.0,0.0,700.0,100.0
45,2424,0.0,0.0,700.0,100.0
46,2441,0.0,0.0,700.0,100.0
47,2457,0.0,0.0,700.0,100.0
48,2473,0.0,0.0,700.0,100.0
49,2489,0.0,0.0,700.0,100.0
50,2508,0.0,0.0,700.0,100.0
51,2524,0.0,0.0,700.0,100.0
52,2539,0.0,0.0,700.0,100.0
53,2557,0.0,0.0,700.0,100.0
54,2572,0.0,0.0,700.0,100.0
55,2589,0.0,0.0,700.0,100.0
56,2606,0.0,0.0,700.0,100.0
57,2625,0.0,0.0,700.0,100.0
58,2641,0.0,0.0,700.0,100.0
59,2658,0.0,0.0,700.0,100.0
60,2673,0.0,0.0,700.0,100.0
61,2690,0.0,0.0,700.0,100.0
62,2705,0.0,0.0,700.0,100.0
63,2722,0.0,0.0,700.0,100.0
64,2740,0.0,0.0,700.0,100.0
65,2758,0.0,0.0,700.0,100.0
66,2774,0.0,0.0,700.0,100.0
67,2790,0.0,0.0,700.0,100.0
68,2805,0.0,0.0,700.0,100.0
69,2821,0.0,0.0,700.0,100.0
70,2839,0.0,0.0,700.0,100.0
71,2856,0.0,0.0,700.0,100.0
72,2873,0.0,0.0,700.0,100.0
73,2891,0.0,0.0,700.0,100.0
74,2907,0.0,0.0,700.0,100.0
75,2922,0.0,0.0,700.0,100.0
76,2940,0.0,0.0,700.0,100.0
77,2957,0.0,0.0,700.0,100.0
78,2974,0.0,0.0,700.0,100.0
79,2990,0.0,0.0,700.0,100.0
80,3006,0.0,0.0,700.0,100.0
81,3025,0.0,0.0,700.0,100.0
82,3040,0.0,0.0,700.0,100.0
83,3056,0.0,0.0,700.0,100.0
84,3074,0.0,0.0,700.0,100.0
85,3089,0.0,0.0,700.0,100.0
86,3105,0.0,0.0,700.0,100.0
87,3122,0.0,0.0,700.0,100.0
88,3138,0.0,0.0,700.0,100.0
89,3155,0.0,0.0,700.0,100.0
90,3172,0.0,0.0,700.0,100.0
91,3191,0.0,0.0,700.0,100.0
92,3207,0.0,0.0,700.0,100.0
93,3224,0.0,0.0,700.0,100.0
94,3240,0.0,0.0,700.0,100.0
95,3257,0.0,0.0,700.0,100.0
96,3273,0.0,0.0,700.0,100.0
97,3291,0.0,0.0,700.0,100.0
98,3306,0.0,0.0,700.0,100.0
99,3323,0.0,0.0,700.0,100.0
100,3341,0.0,0.0,700.0,100.0
101,3356,0.0,0.0,700.0,100.0
102,3372,0.0,0.0,700.0,100.0
103,3391,0.0,0.0,700.0,100.0
104,3406,0.0,0.0,700.0,100.0
105,3425,0.0,0.0,700.0,100.0
106,3440,0.0,0.0,700.0,100.0
107,3455,0.0,0.0,700.0,100.0
108,3474,0.0,0.0,700.0,100.0
109,3490,0.0,0.0,700.0,100.0
110,3508,0.0,0.0,700.0,100.0
111,3523,0.0,0.0,700.0,100.0
112,3539,0.0,0.0,700.0,100.0
113,3556,0.0,0.0,700.0,100.0
114,3572,0.0,0.0,700.0,100.0
115,3589,0.0,0.0,700.0,100.0
116,3607,0.0,0.0,700.0,100.0
117,3623,0.0,0.0,700.0,100.0
118,3640,0.0,0.0,700.0,100.0
119,3657,0.0,0.0,700.0,100.0
120,3674,0.0,0.0,700.0,100.0
121,3690,0.0,0.0,700.0,100.0
122,3707,0.0,0.0,700.0,100.0
123,3723,0.0,0.0,700.0,100.0
124,3741,0.0,0.0,700.0,100.0
125,3757,0.0,0.0,700.0,100.0
126,3774,0.0,0.0,700.0,100.0
127,3791,0.0,0.0,700.0,100.0
128,3807,0.0,0.0,700.0,100.0
129,3824,0.0,0.0,700.0,100.0
130,3838,0.0,0.0,700.0,100.0
131,3858,0.0,0.0,700.0,100.0
132,3873,0.0,0.0,700.0,100.0
133,3890,0.0,0.0,700.0,100.0
134,3907,0.0,0.0,700.0,100.0
135,3922,0.0,0.0,700.0,100.0
136,3941,0.0,0.0,700.0,100.0
137,3957,0.0,0.0,700.0,100.0
138,3974,0.0,0.0,700.0,100.0
139,3990,0.0,0.0,700.0,100.0
140,4007,0.0,0.0,700.0,100.0
141,4023,0.0,0.0,700.0,100.0
142,4041,0.0,0.0,700.0,100.0
143,4057,0.0,0.0,700.0,100.0
144,4074,0.0,0.0,700.0,100.0
145,4090,0.0,0.0,700.0,100.0
146,4108,0.0,0.0,700.0,100.0
147,4123,0.0,0.0,700.0,100.0
148,4141,0.0,0.0,700.0,100.0
149,4157,0.0,0.0,700.0,100.0
150,4173,0.0,0.0,700.0,100.0
151,4190,0.0,0.0,700.0,100.0
152,4207,0.0,0.0,700.0,100.0
153,4224,0.0,0.0,700.0,100.0
154,4241,0.0,0.0,700.0,100.0
155,4256,0.0,0.0,700.0,100.0
156,4274,0.0,0.0,700.0,100.0
157,4290,0.0,0.0,700.0,100.0
158,4308,0.0,0.0,700.0,100.0
159,4323,0.0,0.0,700.0,100.0
160,4341,0.0,0.0,700.0,100.0
161,4358,0.0,0.0,700.0,100.0
162,4373,0.0,0.0,700.0,100.0
163,4390,0.0,0.0,700.0,100.0
164,4407,0.0,0.0,700.0,100.0
165,4424,0.0,0.0,700.0,100.0
166,4441,0.0,0.0,700.0,100.0
167,4457,0.0,0.0,700.0,100.0
168,4474,0.0,0.0,700.0,100.0
169,4490,0.0,0.0,700.0,100.0
170,4506,0.0,0.0,700.0,100.0
171,4523,0.0,0.0,700.0,100.0
172,4540,0.0,0.0,700.0,100.0
173,4558,0.0,0.0,700.0,100.0
174,4574,0.0,0.0,700.0,100.0
175,4590,0.0,0.0,700.0,100.0
176,4608,0.0,0.0,700.0,100.0
177,4623,0.0,0.0,700.0,100.0
178,4641,0.0,0.0,700.0,100.0
179,4658,0.0,0.0,700.0,100.0
180,4674,0.0,0.0,700.0,100.0
181,4691,0.0,0.0,700.0,100.0
182,4707,0.0,0.0,700.0,100.0
183,4724,0.0,0.0,700.0,100.0
184,4741,0.0,0.0,700.0,100.0
185,4757,0.0,0.0,700.0,100.0
186,4774,0.0,0.0,700.0,100.0
187,4791,0.0,0.0,700.0,100.0
188,4807,0.0,0.0,700.0,100.0
189,4823,0.0,0.0,700.0,100.0
190,4841,0.0,0.0,700.0,100.0
191,4857,0.0,0.0,700.0,100.0
192,4873,0.0,0.0,700.0,100.0
193,4891,0.0,0.0,700.0,100.0
194,4906,0.0,0.0,700.0,100.0
195,4924,0.0,0.0,700.0,100.0
196,4940,0.0,0.0,700.0,100.0
197,4957,0.0,0.0,700.0,100.0
198,4974,0.0,0.0,700.0,100.0
199,4991,0.0,0.0,700.0,100.0
200,5007,0.0,0.0,700.0,100.0
201,5024,0.0,0.0,700.0,100.0
202,5040,0.0,0.0,700.0,100.0
203,5057,0.0,0.0,700.0,100.0
204,5074,0.0,0.0,700.0,100.0
205,5090,0.0,0.0,700.0,100.0
206,5108,0.0,0.0,700.0,100.0
207,5122,0.0,0.0,700.0,100.0
208,5140,0.0,0.0,700.0,100.0
209,5157,0.0,0.0,700.0,100.0
210,5174,0.0,0.0,700.0,100.0
211,5191,0.0,0.0,700.0,100.0
212,5207,0.0,0.0,700.0,100.0
213,5224,0.0,0.0,700.0,100.0
214,5240,0.0,0.0,700.0,100.0
215,5257,0.0,0.0,700.0,100.0
216,5274,0.0,0.0,700.0,100.0
217,5291,0.0,0.0,700.0,100.0
218,5307,0.0,0.0,700.0,100.0
219,5324,0.0,0.0,700.0,100.0
220,5340,0.0,0.0,700.0,100.0
221,5357,0.0,0.0,700.0,100.0
222,5374,0.0,0.0,700.0,100.0
223,5391,0.0,0.0,700.0,100.0
224,5407,0.0,0.0,700.0,100.0
225,5423,0.0,0.0,700.0,100.0
226,5440,0.0,0.0,700.0,100.0
227,5457,0.0,0.0,700.0,100.0
228,5475,0.0,0.0,700.0,100.0
229,5490,0.0,0.0,700.0,100.0
230,5507,0.0,0.0,700.0,100.0
231,5524,0.0,0.0,700.0,100.0
232,5541,0.0,0.0,700.0,100.0
233,5558,0.0,0.0,700.0,100.0
234,5574,0.0,0.0,700.0,100.0
235,5590,0.0,0.0,700.0,100.0
236,5607,0.0,0.0,700.0,100.0
237,5624,0.0,0.0,700.0,100.0
238,5641,0.0,0.0,700.0,100.0
239,5657,0.0,0.0,700.0,100.0
240,5674,0.0,0.0,700.0,100.0
241,5690,0.0,0.0,700.0,100.0
242,5707,0.0,0.0,700.0,100.0
243,5723,0.0,0.0,700.0,100.0
244,5741,0.0,0.0,700.0,100.0
245,5757,0.0,0.0,700.0,100.0
246,5775,0.0,0.0,700.0,100.0
247,5790,0.0,0.0,700.0,100.0
248,5807,0.0,0.0,700.0,100.0
249,5824,0.0,0.0,700.0,100.0
250,5840,0.0,0.0,700.0,100.0
251,5857,0.0,0.0,700.0,100.0
252,5873,0.0,0.0,700.0,100.0
253,5890,0.0,0.0,700.0,100.0
254,5908,0.0,0.0,700.0,100.0
255,5924,0.0,0.0,700.0,100.0
256,5941,0.0,0.0,700.0,100.0
257,5958,0.0,0.0,700.0,100.0
258,5974,0.0,0.0,700.0,100.0
259,5990,0.0,0.0,700.0,100.0
260,6007,0.0,0.0,700.0,100.0
261,6024,0.0,0.0,700.0,100.0
262,6041,0.0,0.0,700.0,100.0
263,6058,0.0,0.0,700.0,100.0
264,6074,0.0,0.0,700.0,100.0
265,6091,0.0,0.0,700.0,100.0
266,6107,0.0,0.0,700.0,100.0
267,6124,0.0,0.0,700.0,100.0
268,6140,0.0,0.0,700.0,100.0
269,6157,0.0,0.0,700.0,100.0
270,6174,0.0,0.0,700.0,100.0
271,6191,0.0,0.0,700.0,100.0
272,6207,0.0,0.0,700.0,100.0
273,6223,0.0,0.0,700.0,100.0
274,6241,0.0,0.0,700.0,100.0
275,6256,0.0,0.0,700.0,100.0
276,6275,0.0,0.0,700.0,100.0
277,6290,0.0,0.0,700.0,100.0
278,6308,0.0,0.0,700.0,100.0
279,6324,0.0,0.0,700.0,100.0
280,6340,0.0,0.0,700.0,100.0
281,6357,0.0,0.0,700.0,100.0
282,6374,0.0,0.0,700.0,100.0
283,6391,0.0,0.0,700.0,100.0
284,6407,0.0,0.0,700.0,100.0
285,6424,0.0,0.0,700.0,100.0
286,6440,0.0,0.0,700.0,100.0
287,6458,0.0,0.0,700.0,100.0
288,6472,0.0,0.0,700.0,100.0
289,6491,0.0,0.0,700.0,100.0
290,6508,0.0,0.0,700.0,100.0
291,6524,0.0,0.0,700.0,100.0
292,6540,0.0,0.0,700.0,100.0
293,6558,0.0,0.0,700.0,100.0
294,6574,0.0,0.0,700.0,100.0
295,6590,0.0,0.0,700.0,100.0
296,6607,0.0,0.0,700.0,100.0
297,6623,0.0,0.0,700.0,100.0
298,6640,0.0,0.0,700.0,100.0
299,6657,0.0,0.0,700.0,100.0
300,6674,0.0,0.0,700.0,100.0
301,6690,0.0,0.0,700.0,100.0
302,6708,0.0,0.0,700.0,100.0
303,6724,0.0,0.0,700.0,100.0
304,6739,0.0,0.0,700.0,100.0
305,6758,0.0,0.0,700.0,100.0
306,6774,0.0,0.0,700.0,100.0
307,6789,0.0,0.0,700.0,100.0
308,6807,0.0,0.0,700.0,100.0
309,6824,0.0,0.0,700.0,100.0
310,6841,0.0,0.0,700.0,100.0
311,6858,0.0,0.0,700.0,100.0
312,6873,0.0,0.0,700.0,100.0
313,6890,0.0,0.0,700.0,100.0
314,6907,0.0,0.0,700.0,100.0
315,6924,0.0,0.0,700.0,100.0
316,6941,0.0,0.0,700.0,100.0
317,6957,0.0,0.0,700.0,100.0
318,6974,0.0,0.0,700.0,100.0
319,6990,0.0,0.0,700.0,100.0
320,7007,0.0,0.0,700.0,100.0
321,7024,0.0,0.0,700.0,100.0
322,7041,0.0,0.0,700.0,100.0
323,7057,0.0,0.0,700.0,100.0
324,7074,0.0,0.0,700.0,100.0
325,7091,0.0,0.0,700.0,100.0
326,7107,0.0,0.0,700.0,100.0
327,7124,0.0,0.0,700.0,100.0
328,7141,0.0,0.0,700.0,100.0
329,7158,0.0,0.0,700.0,100.0
330,7174,0.0,0.0,700.0,100.0
331,7190,0.0,0.0,700.0,100.0
332,7207,0.0,0.0,700.0,100.0
333,7223,0.0,0.0,700.0,100.0
334,7240,0.0,0.0,700.0,100.0
335,7257,0.0,0.0,700.0,100.0
336,7274,0.0,0.0,700.0,100.0
337,7290,0.0,0.0,700.0,100.0
338,7307,0.0,0.0,700.0,100.0
339,7324,0.0,0.0,700.0,100.0
340,7340,0.0,0.0,700.0,100.0
341,7357,0.0,0.0,700.0,100.0
342,7374,0.0,0.0,700.0,100.0
343,7390,0.0,0.0,700.0,100.0
344,7407,0.0,0.0,700.0,100.0
345,7423,0.0,0.0,700.0,100.0
346,7441,0.0,0.0,700.0,100.0
347,7457,0.0,0.0,700.0,100.0
348,7474,0.0,0.0,700.0,100.0
349,7490,0.0,0.0,700.0,100.0
350,7507,0.0,0.0,700.0,100.0
351,7524,0.0,0.0,700.0,100.0
352,7541,0.0,0.0,700.0,100.0
353,7558,0.0,0.0,700.0,100.0
354,7574,0.0,0.0,700.0,100.0
355,7590,0.0,0.0,700.0,100.0
356,7607,0.0,0.0,700.0,100.0
357,7625,0.0,0.0,700.0,100.0
358,7640,0.0,0.0,700.0,100.0
359,7657,0.0,0.0,700.0,100.0
360,7674,0.0,0.0,700.0,100.0
361,7690,0.0,0.0,700.0,100.0
362,7707,0.0,0.0,700.0,100.0
363,7723,0.0,0.0,700.0,100.0
364,7741,0.0,0.0,700.0,100.0
365,7757,0.0,0.0,700.0,100.0
366,7773,0.0,0.0,700.0,100.0
367,7790,0.0,0.0,700.0,100.0
368,7808,0.0,0.0,700.0,100.0
369,7823,0.0,0.0,700.0,100.0
370,7840,0.0,0.0,700.0,100.0
371,7858,0.0,0.0,700.0,100.0
372,7873,0.0,0.0,700.0,100.0
373,7891,0.0,0.0,700.0,100.0
374,7907,0.0,0.0,700.0,100.0
375,7924,0.0,0.0,700.0,100.0
376,7940,0.0,0.0,700.0,100.0
377,7957,0.0,0.0,700.0,100.0
378,7974,0.0,0.0,700.0,100.0
379,7991,0.0,0.0,700.0,100.0
380,8008,0.0,0.0,700.0,100.0
381,8024,0.0,0.0,700.0,100.0
382,8040,0.0,0.0,700.0,100.0
383,8057,0.0,0.0,700.0,100.0
384,8074,0.0,0.0,700.0,100.0
385,8090,0.0,0.0,700.0,100.0
386,8107,0.0,0.0,700.0,100.0
387,8124,0.0,0.0,700.0,100.0
388,8140,0.0,0.0,700.0,100.0
389,8157,0.0,0.0,700.0,100.0
390,8174,0.0,0.0,700.0,100.0
391,8191,0.0,0.0,700.0,100.0
392,8207,0.0,0.0,700.0,100.0
393,8224,0.0,0.0,700.0,100.0
394,8240,0.0,0.0,700.0,100.0
395,8257,0.0,0.0,700.0,100.0
396,8274,0.0,0.0,700.0,100.0
397,8290,0.0,0.0,700.0,100.0
398,8306,0.0,0.0,700.0,100.0
399,8324,0.0,0.0,700.0,100.0
400,8340,0.0,0.0,700.0,100.0
401,8357,0.0,0.0,700.0,100.0
402,8373,0.0,0.0,700.0,100.0
403,8391,0.0,0.0,700.0,100.0
404,8407,0.0,0.0,700.0,100.0
405,8422,0.0,0.0,700.0,100.0
406,8441,0.0,0.0,700.0,100.0
407,8457,0.0,0.0,700.0,100.0
408,8474,0.0,0.0,700.0,100.0
409,8491,0.0,0.0,700.0,100.0
410,8507,0.0,0.0,700.0,100.0
411,8523,0.0,0.0,700.0,100.0
412,8541,0.0,0.0,700.0,100.0
413,8558,0.0,0.0,700.0,100.0
414,8573,0.0,0.0,700.0,100.0
415,8590,0.0,0.0,700.0,100.0
416,8607,0.0,0.0,700.0,100.0
417,8624,0.0,0.0,700.0,100.0
418,8641,0.0,0.0,700.0,100.0
419,8658,0.0,0.0,700.0,100.0
420,8675,0.0,0.0,700.0,100.0
421,8690,0.0,0.0,700.0,100.0
422,8707,0.0,0.0,700.0,100.0
423,8724,0.0,0.0,700.0,100.0
424,8740,0.0,0.0,700.0,100.0
425,8758,0.0,0.0,700.0,100.0
426,8774,0.0,0.0,700.0,100.0
427,8790,0.0,0.0,700.0,100.0
428,8807,0.0,0.0,700.0,100.0
429,8824,0.0,0.0,700.0,100.0
430,8840,0.0,0.0,700.0,100.0
431,8857,0.0,0.0,700.0,100.0
432,8874,0.0,0.0,700.0,100.0
433,8890,0.0,0.0,700.0,100.0
434,8907,0.0,0.0,700.0,100.0
435,8924,0.0,0.0,700.0,100.0
436,8942,0.0,0.0,700.0,100.0
437,8957,0.0,0.0,700.0,100.0
438,8974,0.0,0.0,700.0,100.0
439,8990,0.0,0.0,700.0,100.0
440,9007,0.0,0.0,700.0,100.0
441,9023,0.0,0.0,700.0,100.0
442,9040,0.0,0.0,700.0,100.0
443,9057,0.0,0.0,700.0,100.0
444,9073,0.0,0.0,700.0,100.0
445,9091,0.0,0.0,700.0,100.0
446,9107,0.0,0.0,700.0,100.0
447,9123,0.0,0.0,700.0,100.0
448,9139,0.0,0.0,700.0,100.0
449,9157,0.0,0.0,700.0,100.0
450,9173,0.0,0.0,700.0,100.0
451,9190,0.0,0.0,700.0,100.0
452,9207,0.0,0.0,700.0,100.0
453,9224,0.0,0.0,700.0,100.0
454,9241,0.0,0.0,700.0,100.0
455,9257,0.0,0.0,700.0,100.0
456,9274,0.0,0.0,700.0,100.0
457,9291,0.0,0.0,700.0,100.0
458,9307,0.0,0.0,700.0,100.0
459,9325,0.0,0.0,700.0,100.0
460,9340,0.0,0.0,700.0,100.0
461,9356,0.0,0.0,700.0,100.0
462,9375,0.0,0.0,700.0,100.0
463,9391,0.0,0.0,700.0,100.0
464,9408,0.0,0.0,700.0,100.0
465,9424,0.0,0.0,700.0,100.0
466,9441,0.0,0.0,700.0,100.0
467,9458,0.0,0.0,700.0,100.0
468,9474,0.0,0.0,700.0,100.0
469,9491,0.0,0.0,700.0,100.0
470,9507,0.0,0.0,700.0,100.0
471,9524,0.0,0.0,700.0,100.0
472,9541,0.0,0.0,700.0,100.0
473,9557,0.0,0.0,700.0,100.0
474,9574,0.0,0.0,700.0,100.0
475,9590,0.0,0.0,700.0,100.0
476,9607,0.0,0.0,700.0,100.0
477,9624,0.0,0.0,700.0,100.0
478,9640,0.0,0.0,700.0,100.0
479,9658,0.0,0.0,700.0,100.0
480,9672,0.0,0.0,700.0,100.0
481,9691,0.0,0.0,700.0,100.0
482,9707,0.0,0.0,700.0,100.0
483,9724,0.0,0.0,700.0,100.0
484,9740,0.0,0.0,700.0,100.0
485,9757,0.0,0.0,700.0,100.0
486,9774,0.0,0.0,700.0,100.0
487,9791,0.0,0.0,700.0,100.0
488,9807,0.0,0.0,700.0,100.0
489,9824,0.0,0.0,700.0,100.0
490,9840,0.0,0.0,700.0,100.0
491,9858,0.0,0.0,700.0,100.0
492,9875,0.0,0.0,700.0,100.0
493,9891,0.0,0.0,700.0,100.0
494,9908,0.0,0.0,700.0,100.0
495,9924,0.0,0.0,700.0,100.0
496,9940,0.0,0.0,700.0,100.0
497,9958,0.0,0.0,700.0,100.0
498,9973,0.0,0.0,700.0,100.0
499,9991,0.0,0.0,700.0,100.0
500,10007,0.0,0.0,700.0,100.0
501,10025,0.0,0.0,700.0,100.0
502,10040,0.0,0.0,700.0,100.0
503,10057,0.0,0.0,700.0,100.0
504,10074,0.0,0.0,700.0,100.0
505,10090,0.0,0.0,700.0,100.0
506,10108,0.0,0.0,700.0,100.0
507,10124,0.0,0.0,700.0,100.0
508,10140,0.0,0.0,700.0,100.0
509,10158,0.0,0.0,700.0,100.0
510,10174,0.0,0.0,700.0,100.0
511,10190,0.0,0.0,700.0,100.0
512,10208,0.0,0.0,700.0,100.0
513,10224,0.0,0.0,700.0,100.0
514,10240,0.0,0.0,700.0,100.0
515,10257,0.0,0.0,700.0,100.0
516,10274,0.0,0.0,700.0,100.0
517,10290,0.0,0.0,700.0,100.0
518,10307,0.0,0.0,700.0,100.0
519,10324,0.0,0.0,700.0,100.0
520,10340,0.0,0.0,700.0,100.0
521,10357,0.0,0.0,700.0,100.0
522,10373,0.0,0.0,700.0,100.0
523,10391,0.0,0.0,700.0,100.0
524,10407,0.0,0.0,700.0,100.0
525,10424,0.0,0.0,700.0,100.0
526,10440,0.0,0.0,700.0,100.0
527,10457,0.0,0.0,700.0,100.0
528,10474,0.0,0.0,700.0,100.0
529,10490,0.0,0.0,700.0,100.0
530,10507,0.0,0.0,700.0,100.0
531,10524,0.0,0.0,700.0,100.0
532,10540,0.0,0.0,700.0,100.0
533,10557,0.0,0.0,700.0,100.0
534,10575,0.0,0.0,700.0,100.0
535,10590,0.0,0.0,700.0,100.0
536,10608,0.0,0.0,700.0,100.0
537,10624,0.0,0.0,700.0,100.0
538,10641,0.0,0.0,700.0,100.0
539,10658,0.0,0.0,700.0,100.0
540,10675,0.0,0.0,700.0,100.0
541,10691,0.0,0.0,700.0,100.0
542,10707,0.0,0.0,700.0,100.0
543,10724,0.0,0.0,700.0,100.0
544,10741,0.0,0.0,700.0,100.0
545,10757,0.0,0.0,700.0,100.0
546,10775,0.0,0.0,700.0,100.0
547,10790,0.0,0.0,700.0,100.0
548,10807,0.0,0.0,700.0,100.0
549,10823,0.0,0.0,700.0,100.0
550,10841,0.0,0.0,700.0,100.0
551,10857,0.0,0.0,700.0,100.0
552,10874,0.0,0.0,700.0,100.0
553,10891,0.0,0.0,700.0,100.0
554,10907,0.0,0.0,700.0,100.0
555,10924,0.0,0.0,700.0,100.0
556,10941,0.0,0.0,700.0,100.0
557,10957,0.0,0.0,700.0,100.0
558,10974,0.0,0.0,700.0,100.0
559,10990,0.0,0.0,700.0,100.0
560,11008,0.0,0.0,700.0,100.0
561,11023,0.0,0.0,700.0,100.0
562,11040,0.0,0.0,700.0,100.0
563,11057,0.0,0.0,700.0,100.0
564,11074,0.0,0.0,700.0,100.0
565,11091,0.0,0.0,700.0,100.0
566,11107,0.0,0.0,700.0,100.0
567,11125,0.0,0.0,700.0,100.0
568,11140,0.0,0.0,700.0,100.0
569,11157,0.0,0.0,700.0,100.0
570,11174,0.0,0.0,700.0,100.0
571,11190,0.0,0.0,700.0,100.0
572,11207,0.0,0.0,700.0,100.0
573,11225,29278.0,3.0,1.5849142,100.0
574,11241,29278.0,3.0,1.5849142,100.0
575,11257,29278.0,3.0,1.5849142,100.0
576,11274,29278.0,3.0,1.5849142,100.0
577,11290,29278.0,3.0,1.5849142,100.0
578,11307,29278.0,3.0,1.5849142,100.0
579,11324,29278.0,3.0,1.5849142,100.0
580,11341,29278.0,3.0,1.5849142,100.0
581,11358,29278.0,3.0,1.5849142,100.0
582,11374,29278.0,3.0,1.5849142,100.0
583,11391,29278.0,3.0,1.5849142,100.0
584,11407,29278.0,3.0,1.5849142,100.0
585,11425,29278.0,3.0,1.5849142,100.0
586,11440,29278.0,3.0,1.5849142,100.0
587,11457,29278.0,3.0,1.5849142,100.0
588,11474,29278.0,3.0,1.5849142,100.0
589,11490,29278.0,3.0,1.5849142,100.0
590,11508,29278.0,3.0,1.5849142,100.0
591,11523,29278.0,3.0,1.5849142,100.0
592,11540,29278.0,3.0,1.5849142,100.0
593,11558,29278.0,3.0,1.5849142,100.0
594,11574,29278.0,3.0,1.5849142,100.0
595,11591,29278.0,3.0,1.5849142,100.0
596,11606,29278.0,3.0,1.5849142,100.0
597,11624,29278.0,3.0,1.5849142,100.0
598,11641,29278.0,3.0,1.5849142,100.0
599,11657,29278.0,3.0,1.5849142,100.0
600,11674,29278.0,3.0,1.5849142,100.0
601,11690,29278.0,3.0,1.5849142,100.0
602,11707,29278.0,3.0,1.5849142,100.0
603,11724,29278.0,3.0,1.5849142,100.0
604,11740,29278.0,3.0,1.5849142,100.0
605,11757,29278.0,3.0,1.5849142,100.0
606,11774,29278.0,3.0,1.5849142,100.0
607,11790,29428.0,3.0,1.9569366,100.0
608,11807,29428.0,3.0,1.9569366,100.0
609,11824,29428.0,3.0,1.9569366,100.0
610,11840,29428.0,3.0,1.9569366,100.0
611,11857,29428.0,3.0,1.9569366,100.0
612,11873,29428.0,3.0,1.9569366,100.0
613,11891,29428.0,3.0,1.9569366,100.0
614,11907,29428.0,3.0,1.9569366,100.0
615,11924,29428.0,3.0,1.9569366,100.0
616,11940,29428.0,3.0,1.9569366,100.0
617,11957,29428.0,3.0,1.9569366,100.0
618,11973,29428.0,3.0,1.9569366,100.0
619,11991,29428.0,3.0,1.9569366,100.0
620,12008,29428.0,3.0,1.9569366,100.0
621,12024,29428.0,3.0,1.9569366,100.0
622,12040,29428.0,3.0,1.9569366,100.0
623,12057,29428.0,3.0,1.9569366,100.0
624,12075,29428.0,3.0,1.9569366,100.0
625,12090,30088.0,3.0,2.2697437,100.0
626,12107,30228.0,2.0,1.8198118,100.0
627,12124,30248.0,2.0,1.8474886,100.0
628,12141,30278.0,2.0,1.8194172,100.0
629,12157,30288.0,2.0,1.8338639,100.0
630,12174,30308.0,2.0,1.8593824,100.0
631,12191,30328.0,1.0,1.8009813,100.0
632,12208,30338.0,2.0,1.8169028,100.0
633,12224,30358.0,3.0,1.8514265,100.0
634,12241,30368.0,2.0,1.8633124,100.0
635,12257,30388.0,3.0,1.9643077,100.0
636,12274,30388.0,3.0,1.9643077,100.0
637,12290,30428.0,2.0,1.9067184,100.0
638,12308,30438.0,2.0,1.9141809,100.0
639,12324,30458.0,4.0,2.0137627,100.0
640,12340,30478.0,2.0,2.0852487,100.0
641,12358,30488.0,3.0,2.158429,100.0
642,12373,30508.0,2.0,2.1340942,100.0
643,12392,30518.0,2.0,2.1233666,100.0
644,12408,30528.0,1.0,2.0334973,100.0
645,12424,30558.0,1.0,1.872484,100.0
646,12440,30568.0,2.0,1.8826853,100.0
647,12458,30588.0,4.0,2.1343048,100.0
648,12474,30608.0,2.0,2.1136756,100.0
649,12491,30618.0,0.0,1.9445815,100.0
650,12507,30638.0,2.0,1.9530938,100.0
651,12525,30658.0,3.0,2.0402985,100.0
652,12540,30668.0,2.0,2.0370746,100.0
653,12558,30688.0,2.0,2.10498,100.0
654,12574,30708.0,2.0,2.0888553,100.0
655,12590,30718.0,2.0,2.0817468,100.0
656,12607,30738.0,2.0,2.1427906,100.0
657,12624,30758.0,2.0,2.194458,100.0
658,12641,30768.0,2.0,2.1789014,100.0
659,12657,30788.0,2.0,2.225022,100.0
660,12673,30808.0,4.0,2.2768588,100.0
661,12691,30818.0,3.0,2.3347101,100.0
662,12707,30828.0,2.0,2.3079333,100.0
663,12725,30858.0,2.0,2.3810961,100.0
664,12741,30868.0,2.0,2.3506083,100.0
665,12757,30888.0,1.0,2.1431549,100.0
666,12774,30908.0,1.0,1.9675663,100.0
667,12790,30928.0,1.0,1.8925481,100.0
668,12807,30938.0,2.0,1.9011443,100.0
669,12824,30958.0,1.0,1.8363285,100.0
670,12841,30968.0,1.0,1.7694222,100.0
671,12856,30988.0,4.0,1.8912389,100.0
672,12875,31008.0,4.0,1.9943447,100.0
673,12891,31028.0,3.0,1.9280133,100.0
674,12907,31038.0,3.0,2.0137722,100.0
675,12924,31058.0,2.0,2.0852568,100.0
676,12940,31068.0,2.0,2.0784364,100.0
677,12957,31088.0,2.0,1.9927886,100.0
678,12975,31108.0,1.0,1.7666962,100.0
679,12990,31118.0,2.0,1.7853606,100.0
680,13007,31128.0,2.0,1.8025317,100.0
681,13025,31158.0,1.0,1.9870338,100.0
682,13040,31178.0,1.0,1.9826255,100.0
683,13057,31188.0,2.0,1.9840155,100.0
684,13074,31208.0,3.0,1.9928707,100.0
685,13092,31228.0,2.0,2.0675657,100.0
686,13107,31238.0,3.0,2.1421604,100.0
687,13124,31258.0,3.0,2.2003245,100.0
688,13141,31278.0,4.0,2.3295546,100.0
689,13158,31288.0,2.0,2.3031902,100.0
690,13173,31308.0,1.0,2.1030202,100.0
691,13192,31328.0,2.0,2.0871964,100.0
692,13207,31338.0,1.0,2.0002205,100.0
693,13223,31358.0,2.0,2.0737865,100.0
694,13240,31368.0,4.0,2.2278836,100.0
695,13259,31388.0,1.0,2.1128807,100.0
696,13274,31408.0,2.0,2.0955424,100.0
697,13292,31418.0,3.0,2.1678991,100.0
698,13307,31418.0,3.0,2.1678991,100.0
699,13325,31458.0,1.0,2.0343938,100.0
700,13340,31468.0,2.0,2.0316422,100.0
701,13357,31488.0,2.0,2.173982,100.0
702,13373,31508.0,2.0,2.1472583,100.0
703,13391,31528.0,3.0,2.2046394,100.0
704,13408,31538.0,1.0,2.1082683,100.0
705,13425,31558.0,2.0,2.1652384,100.0
706,13441,31578.0,2.0,2.0662577,100.0
707,13458,31588.0,2.0,2.0609572,100.0
708,13474,31608.0,1.0,2.0451941,100.0
709,13492,31628.0,4.0,2.1246524,100.0
710,13507,31638.0,3.0,2.1946802,100.0
711,13524,31638.0,3.0,2.1946802,100.0
712,13541,31668.0,2.0,2.2193072,100.0
713,13557,31668.0,2.0,2.2193072,100.0
714,13573,31708.0,3.0,2.118408,100.0
715,13591,31708.0,3.0,2.118408,100.0
716,13607,31708.0,3.0,2.118408,100.0
717,13624,31758.0,3.0,2.435681,100.0
718,13640,31778.0,4.0,2.4551604,100.0
719,13657,31788.0,4.0,2.5787475,100.0
720,13675,31808.0,3.0,2.4962518,100.0
721,13690,31828.0,3.0,2.7208273,100.0
722,13707,31838.0,2.0,2.663161,100.0
723,13725,31858.0,0.0,2.4012995,100.0
724,13740,31878.0,2.0,2.33966,100.0
725,13757,31888.0,2.0,2.3124871,100.0
726,13773,31908.0,1.0,2.110889,100.0
727,13791,31928.0,2.0,2.2410562,100.0
728,13807,31938.0,3.0,2.3017716,100.0
729,13823,31958.0,2.0,2.3290195,100.0
730,13840,31968.0,3.0,2.382698,100.0
731,13858,31988.0,2.0,2.2503157,100.0
732,13874,32008.0,3.0,2.2918673,100.0
733,13891,32028.0,0.0,1.9398365,100.0
734,13908,32028.0,0.0,1.9398365,100.0
735,13924,32048.0,2.0,2.0226777,100.0
736,13941,32078.0,2.0,2.0853708,100.0
737,13958,32088.0,4.0,2.2385411,100.0
738,13974,32108.0,2.0,2.2755013,100.0
739,13991,32118.0,2.0,2.2534611,100.0
740,14008,32138.0,3.0,2.2209294,100.0
741,14025,32158.0,4.0,2.2733946,100.0
742,14041,32178.0,3.0,2.3114011,100.0
743,14058,32188.0,3.0,2.366489,100.0
744,14074,32208.0,3.0,2.4637961,100.0
745,14091,32228.0,3.0,2.5461571,100.0
746,14107,32238.0,1.0,2.4224646,100.0
747,14125,32258.0,3.0,2.584774,100.0
748,14140,32268.0,2.0,2.537992,100.0
749,14157,32288.0,3.0,2.5353565,100.0
750,14175,32308.0,2.0,2.5267258,100.0
751,14190,32328.0,2.0,2.5194206,100.0
752,14207,32328.0,2.0,2.5194206,100.0
753,14223,32358.0,2.0,2.4721787,100.0
754,14241,32358.0,2.0,2.4721787,100.0
755,14257,32358.0,2.0,2.4721787,100.0
756,14275,32408.0,3.0,1.9943908,100.0
757,14290,32418.0,1.0,1.9148396,100.0
758,14308,32438.0,2.0,1.9279202,100.0
759,14324,32458.0,2.0,1.8653916,100.0
760,14340,32478.0,2.0,1.9596674,100.0
761,14357,32488.0,2.0,1.9628941,100.0
762,14374,32508.0,1.0,1.8885936,100.0
763,14390,32508.0,1.0,1.8885936,100.0
764,14407,32538.0,1.0,1.9127371,100.0
765,14425,32558.0,2.0,1.9997407,100.0
766,14441,32568.0,3.0,2.0797615,100.0
767,14457,32588.0,1.0,1.8403102,100.0
768,14475,32608.0,2.0,1.8648386,100.0
769,14491,32618.0,2.0,1.8756515,100.0
770,14507,32628.0,2.0,1.8855994,100.0
771,14524,32658.0,3.0,1.9232055,100.0
772,14541,32668.0,1.0,1.849349,100.0
773,14557,32688.0,1.0,1.866089,100.0
774,14574,32708.0,2.0,1.9602578,100.0
775,14591,32718.0,2.0,1.9634372,100.0
776,14607,32718.0,2.0,1.9634372,100.0
777,14625,32758.0,2.0,1.8266068,100.0
778,14640,32768.0,2.0,1.8404782,100.0
779,14658,32788.0,2.0,1.8649807,100.0
